{
  "format": [
    [
      {
        "num_chars_to_concat": 0,
        "print_val": " ____________________________________________ "
      }
    ],
    [
      {
        "num_chars_to_concat": 0,
        "print_val": "☷           Driver’s License                ☷"
      }
    ],
    [
      {
        "num_chars_to_concat": 0,
        "print_val": "☷                                           ☷"
      }
    ],
    [
      {
        "num_chars_to_concat": 9,
        "print_val": "☷ First Name: "
      },
      {
        "num_chars_to_concat": 8,
        "print_val": " Last Name: "
      },
      {
        "num_chars_to_concat": 0,
        "print_val": " ☷"
      }
    ],
    [
      {
        "num_chars_to_concat": 16,
        "print_val": "☷ DOB: "
      },
      {
        "num_chars_to_concat": 11,
        "print_val": " Gender: "
      },
      {
        "num_chars_to_concat": 0,
        "print_val": " ☷"
      }
    ],
    [
      {
        "num_chars_to_concat": 12,
        "print_val": "☷ ID Number: "
      },
      {
        "num_chars_to_concat": 0,
        "print_val": "                   ☷"
      }
    ],
    [
      {
        "num_chars_to_concat": 12,
        "print_val": "☷ Eye Color: "
      },
      {
        "num_chars_to_concat": 0,
        "print_val": "                   ☷"
      }
    ],
    [
      {
        "num_chars_to_concat": 12,
        "print_val": "☷ Hair Color: "
      },
      {
        "num_chars_to_concat": 0,
        "print_val": "                  ☷"
      }
    ],
    [
      {
        "num_chars_to_concat": 12,
        "print_val": "☷ Expiration Date: "
      },
      {
        "num_chars_to_concat": 0,
        "print_val": "             ☷"
      }
    ],
    [
      {
        "num_chars_to_concat": 0,
        "print_val": "☷___________________________________________☷"
      }
    ]
  ]
}